{
  "normal_accuracy": 0.6677140612725845,
  "evaluation_accuracy": 0.4799685781618225,
  "sandbagging_rate": 0.2694422623723488
}