{
  "normal_accuracy": 0.4583333333333333,
  "evaluation_accuracy": 0.3480392156862745,
  "sandbagging_rate": 0.22303921568627452
}