{
  "normal_accuracy": 0.4583333333333333,
  "evaluation_accuracy": 0.3872549019607843,
  "sandbagging_rate": 0.12990196078431374
}