{
  "normal_accuracy": 0.43281328636134875,
  "evaluation_accuracy": 0.3095118268746855,
  "sandbag_accuracy": 0.1922496225465526,
  "sandbagging_rate": 0.23200805234021138
}