{
  "normal_accuracy": 0.4821338701560141,
  "evaluation_accuracy": 0.41620533467539006,
  "sandbag_accuracy": 0.30548565676899847,
  "sandbagging_rate": 0.1665827881227982
}